H-index,Name,Organization,Gender,Award and Membership
164,Herbert A. Simon,CMU,Male,Nobel Laureate| Turing Award| ACM Fellow 
154,Anil K. Jain,Michigan State U,Male,ACM Fellow| IEEE Fellow| IEEE Technical Achievement Award| Member of the National Academy of Engineering 
134,Terrence Sejnowski,UCSD,Male,IEEE Fellow| Member of the National Academy of Engineering| Member of the National Academy of Sciences| Member of the Institute of Medicine| IEEE Frank Rosenblatt Award 
131,Jiawei Han,UIUC,Male,ACM Fellow| IEEE Technical Achievement Award 
127,Wil van der Aalst,TU Eindhoven,Male,Member of Academy of Europe (Academia Europaea)| Member of the Royal Netherlands Academy of Arts and Sciences| Member of the Royal Holland Society of Sciences and Humanities 
127,Philip S. Yu,UIC,Male,ACM Fellow| IEEE Fellow| IEEE Technical Achievement Award 
126,Takeo Kanade,CMU,Male,ACM Fellow| IEEE Fellow| Member of the National Academy of Engineering 
126,Scott Shenker,Berkeley,Male,ACM Fellow| IEEE Fellow| Member of the National Academy of Engineering 
124,David Haussler,UC Santa Cruz,Male,ISCB Fellow 
122,Geoffrey E. Hinton,U Toronto,Male,Fellow of the Royal Society| Member of the American Academy of Arts & Sciences| Fellow of the Royal Society| FRSC| IEEE Frank Rosenblatt Award 
118,Hector Garcia-Molina,Stanford,Male,ACM Fellow| Member of the National Academy of Engineering 
114,Jack Dongarra,U Tennessee,Male,ACM Fellow| IEEE Fellow| Member of the National Academy of Engineering| SIAM Fellow| AAAS Fellow 
113,Don Towsley,U Mass| Amherst,Male,ACM Fellow| IEEE Fellow 
112,Steven Salzberg,Johns Hopkins U,Male,AAAS Fellow| ISCB Fellow 
111,Tomaso Poggio,MIT,Male,NA
110,Deborah Estrin,Cornell NYC Tech,Female,ACM Fellow| IEEE Fellow| Member of the National Academy of Engineering 
110,Sebastian Thrun,Stanford,Male,Member of the National Academy of Engineering 
109,Ian Foster,Argonne National Laboratory & U Chicago,Male,ACM Fellow| AAAS Fellow| BCS Fellow 
108,Stephen Grossberg,Boston University,Male,NA
108,Michael I. Jordan,Berkeley,Male,ACM Fellow| IEEE Fellow| AAAS Fellow| AAAI Fellow| Member of the National Academy of Engineering| Member of the National Academy of Sciences| Member of the American Academy of Arts & Sciences| SIAM Fellow 
107,David Culler,Berkeley,Male,ACM Fellow| Member of the National Academy of Engineering 
107,Didier Dubois,CNRS Toulouse,Male,NA
107,Nick Jennings,Imperial College| London,Male,IEEE Fellow| Fellow of the Royal Academy of Engineering| Member of Academy of Europe (Academia Europaea) 
107,Henri Prade,CNRS Toulouse,Male,NA
106,Daphne Koller,Stanford,Female,MacArthur Fellow| AAAI Fellow| Member of the National Academy of Engineering| ACM Infosys Foundation Award 
106,Andrew Zisserman,University of Oxford,Male,Fellow of the Royal Society 
105,Rajkumar Buyya,University of Melbourne| Australia,Male,IEEE Fellow| IEEE Medal for Excellence in Scalable Computing 
105,Bernhard Scholkopf,Max Planck,Male,NA
105,HongJiang Zhang,KingSoft| China,Male,ACM Fellow| IEEE Fellow| ACM SIGMM Technical Achievement Award| IEEE Technical Achievement Award 
104,Christos H. Papadimitriou,Berkeley,Male,ACM Fellow| Member of the National Academy of Engineering| Member of the National Academy of Sciences| Member of Academy of Europe (Academia Europaea)| Member of the American Academy of Arts & Sciences 
104,Alex Pentland,MIT,Male,Member of the National Academy of Engineering 
102,Vipin Kumar,U Minnesota,Male,ACM Fellow| IEEE Fellow| IEEE Technical Achievement Award 
101,Francisco Herrera,U Granada| Spain,Male,ECCAI Fellow| IFSA Fellow 
101,Stanley Osher,UCLA,Male,Member of the National Academy of Sciences| SIAM Fellow 
100,Mario Gerla,UCLA,Male,IEEE Fellow 
100,Georgios Giannakis,U Minnesota,Male,IEEE Fellow 
100,John A. Stankovic,U Virginia,Male,ACM Fellow 
99,Gene H. Golub,Stanford,Male,NA
95,Shree Nayar,Columbia,Male,Member of the National Academy of Engineering| Member of the American Academy of Arts and Sciences 
94,Martin Vetterli,EPFL,Male,ACM Fellow| IEEE Fellow| Member of the National Academy of Engineering 
93,Mihir Bellare,UCSD,Male,ACM Fellow| IACR Fellow 
93,Sushil Jajodia,George Mason U,Male,IEEE Fellow| IEEE Technical Achievement Award 
92,Richard Karp,Berkeley,Male,Turing Award| ACM Fellow| Member of the National Academy of Engineering| Member of the National Academy of Sciences| SIAM Fellow| Member of the American Academy of Arts & Sciences 
92,Alex Szalay,Johns Hopkins U,Male,NA
92,Lotfi Zadeh,Berkeley,Male,ACM Fellow| IEEE Fellow 
91,Rakesh Agrawal,Data Insights Laboratory,Male,ACM Fellow| IEEE Fellow| Member of the National Academy of Engineering 
91,Hsinchun Chen,U Arizona,Male,ACM Fellow| IEEE Fellow| AAAS Fellow| IEEE Technical Achievement Award 
90,Kalyanmoy Deb,Michigan State U,Male,IEEE Fellow| ASME Fellow 
90,Amit Sheth,Wright State U,Male,IEEE Fellow 
89,Jitendra Malik,Berkeley,Male,ACM Fellow| IEEE Fellow| Member of the National Academy of Engineering| Member of the National Academy of Sciences| Member of the American Academy of Arts and Sciences 
89,Jeffrey D. Ullman,Stanford,Male,ACM Fellow| Member of the National Academy of Engineering 
88,Luc Van Gool,ETH Zurich,Male,NA
87,Hari Balakrishnan,MIT,Male,ACM Fellow 
86,Thomas A. Henzinger,IST Austria,Male,ACM Fellow| Member of Academy of Europe (Academia Europaea)| AAAS Fellow 
86,Randy H. Katz,Berkeley,Male,ACM Fellow| IEEE Fellow| Member of the National Academy of Engineering 
86,Alberto Sangiovanni-Vincentelli,Berkeley,Male,ACM Fellow| Member of the National Academy of Engineering 
86,Moshe Y. Vardi,Rice U,Male,ACM Fellow| Member of the National Academy of Engineering| Member of Academy of Europe (Academia Europaea) 
85,Ian F. Akyildiz,Georgia Tech,Male,ACM Fellow| IEEE Fellow 
85,Don Norman,UCSD,Male,NA
84,John Doyle,Cal Tech,Male,NA
84,Olivier Faugeras,INRIA,Male,Member of the French Academy of Sciences 
84,Tim Finin,UMBC,Male,AAAI Fellow| IEEE Technical Achievement Award 
84,David E. Goldberg,UIUC,Male,NA
84,Jakob Nielsen,Nielsen Norman Group,Male,NA
84,Shankar Sastry,Berkeley,Male,NA
83,Judea Pearl,UCLA,Male,Turing Award| IEEE Fellow| Member of the National Academy of Engineering| Member of the National Academy of Sciences| Member of the American Academy of Arts & Sciences 
82,Marco Dorigo,U Libre de Bruxelles,Male,IEEE Fellow| ECCAI Fellow| IEEE Frank Rosenblatt Award 
82,Jose Joaquin Garcia-Luna-Aceves,UC Santa Cruz and PARC,Male,ACM Fellow| IEEE Fellow| AAAS Fellow| Corresponding Member of the Mexican Academy Sciences| IEEE Technical Achievement Award 
82,Mark Horowitz,Stanford,Male,ACM Fellow 
82,Katia Sycara,CMU,Female,IEEE Fellow| AAAI Fellow 
82,Robert Tarjan,Princeton,Male,Turing Award| ACM Fellow| Member of the National Academy of Engineering| Member of the National Academy of Sciences| SIAM Fellow| Member of the American Academy of Arts & Sciences 
81,Martin Abadi,Google and UC Santa Cruz ,Male,ACM Fellow| AAAS Fellow 
81,Noga Alon,Tel Aviv U,Male,NA
81,Trevor Darrell,Berkeley,Male,NA
81,Ben Shneiderman,U Maryland,Male,ACM Fellow| AAAS Fellow| Member of the National Academy of Engineering 
80,Dimitri Bertsekas,MIT,Male,NA
80,Alon Halevy [Alon Levy],Google,Male,ACM Fellow 
80,James Hendler,RPI,Male,IEEE Fellow| AAAI Fellow| BCS Fellow| AAAS Fellow 
80,Hojjat Adeli,Ohio State U,Male,IEEE Fellow| AAAS Fellow| AIMBE Fellow| American Neurological Association Fellow| Member of the Spanish Royal Academy of Engineering 
80,Mani B. Srivastava,UCLA,Male,IEEE Fellow 
80,Jennifer Widom,Stanford,Female,ACM Fellow| Member of the National Academy of Engineering 
79,Rama Chellappa,U Maryland,Male,ACM Fellow| IEEE Fellow| IAPR Fellow| OSA Fellow| AAAS Fellow| IEEE Technical Achievement Award 
79,Pavel Pevzner,UCSD,Male,ACM Fellow| ISCB Fellow 
78,Dinesh Manocha,UNC,Male,ACM Fellow| IEEE Fellow| AAAS Fellow 
78,Klaus-Robert M??ller,TU Berlin,Male,NA
78,Hermann Ney,RWTH Aachen,Male,IEEE Fellow| IEEE Technical Achievement Award 
78,David A. Patterson,Berkeley,Male,ACM Fellow| IEEE Fellow| Member of the National Academy of Engineering| IEEE Technical Achievement Award 
78,Jie Wu,Temple U,Male,IEEE Fellow 
78,Mihalis Yannakakis,Columbia,Male,ACM Fellow| Member of the National Academy of Engineering 
77,Thomas S. Huang,UIUC,Male,IEEE Fellow| Member of the National Academy of Engineering 
77,Henning Schulzrinne,Columbia,Male,ACM Fellow 
77,Lixia Zhang,UCLA,Female,ACM Fellow 
76,Oren Etzioni,Allen Institute for AI,Male,NA
76,Richard Szeliski,Microsoft,Male,ACM Fellow 
75,Ken Kennedy,Rice U,Male,ACM Fellow| IEEE Fellow| Member of the National Academy of Engineering 
75,Rajeev Motwani,Stanford,Male,ACM Fellow 
75,Mubarak Shah,U Central Florida,Male,IEEE Fellow| AAAS Fellow| IAPR Fellow| SPIE Fellow 
75,Witold Pedrycz,U Alberta,Male,IEEE Fellow 
75,Zhi-Hua Zhou,Nanjing U,Male,AAAI Fellow| IEEE Fellow| IAPR Fellow 
74,W. Bruce Croft,U Mass| Amherst,Male,ACM Fellow 
74,Fred Glover,U Colorado,Male,NA
74,Andrew B. Kahng,UCSD,Male,ACM Fellow| IEEE Fellow 
74,Donald E. Knuth,Stanford,Male,Turing Award| ACM Fellow| Member of the National Academy of Engineering| Member of the National Academy of Sciences| SIAM Fellow| Member of the American Academy of Arts & Sciences 
74,Michael Lyu,The Chinese U of Hong Kong,Male,NA
74,Hans-Peter Seidel,Max Planck,Male,NA
74,Barry Smith,SUNY Buffalo,Male,NA
74,Gene Tsudik,UC Irvine,Male,ACM Fellow| IEEE Fellow 
73,Andrew Blake,Microsoft,Male,Fellow of the Royal Society 
73,John M. Carroll,Penn State U,Male,NA
73,Sajal K. Das,Missouri University of Science and Tech,Male,IEEE Fellow| IEEE Technical Achievement Award 
73,Pascal Fua,EPFL,Male,IEEE Fellow 
73,Ian Horrocks,Oxford U,Male,Fellow of the Royal Society 
73,Robert Kraut,CMU,Male,ACM Fellow 
73,Giovanni De Micheli,EPFL,Male,ACM Fellow| IEEE Fellow 
73,Biswanath Mukherjee,UC Davis,Male,NA
73,Klara Nahrstedt,UIUC,Male,ACM Fellow| IEEE Fellow| IEEE Technical Achievement Award 
73,Burkhard Rost,TU Munich,Male,NA
72,Rajeev Alur,U Penn,Male,ACM Fellow| IEEE Fellow 
72,Nicholas Ayache,INRIA,Male,Member of the French Academy of Sciences 
72,Ronald Fagin,IBM Almaden,Male,ACM Fellow| IEEE Fellow| AAAS Fellow| ACM SIGMOD Edgar F. Codd Innovations Award| IEEE Technical Achievement Award| IEEE W. Wallace McDowell Award| G??del Prize| Member of the American Academy of Arts and Sciences| Member of the National Academy of Engineering 
72,Christian S. Jensen,Aalborg U,Male,ACM Fellow| IEEE Fellow 
72,Nancy Lynch,MIT,Female,ACM Fellow| Member of the National Academy of Engineering 
72,Alexander J. Smola,CMU,Male,NA
71,Monica S. Lam,Stanford,Female,ACM Fellow 
71,Thomas W. Reps,U Wisconsin,Male,ACM Fellow 
71,Azriel Rosenfeld,U Maryland,Male,ACM Fellow 
71,Stefan Savage,UCSD,Male,ACM Fellow| ACM Infosys Foundation Award 
71,Demetri Terzopoulos,UCLA,Male,ACM Fellow| IEEE Fellow| Member of the European Academy of Sciences| FRSC 
71,Ronald Yager,Iona College,Male,IEEE Fellow 
70,Richard Baraniuk,Rice U,Male,IEEE Fellow| AAAS Fellow 
70,Andrew Campbell,Dartmouth,Male,NA
70,Jason Cong,UCLA,Male,ACM Fellow| IEEE Fellow 
70,Erol Gelenbe,Imperial College| London,Male,ACM Fellow| IEEE Fellow| SIGMETRICS Life-Time Achievement Award| Member of the Turkish Academy of Sciences| Member of the Hungarian Academy of Scences| Member of the French National Academy of Engineering| Chevalier de la Legion d'Honneur| Member of the Polish Academy of Sciences| Member of the Royal Academy of Sciences| Letters and Arts of Belgium 
70,Jim Gray,Microsoft,Male,Turing Award| ACM Fellow 
70,David Karger,MIT,Male,ACM Fellow 
70,C.-C. Jay Kuo,USC,Male,IEEE Fellow| AAAS Fellow| SPIE Fellow 
70,H. Vincent Poor,Princeton,Male,NA
70,Prabhakar Raghavan,Google,Male,ACM Fellow| IEEE Fellow| Member of the National Academy of Engineering 
70,Adi Shamir,Weizmann,Male,Turing Award| IACR Fellow| Member of Academy of Europe (Academia Europaea) 
70,Kishor S. Trivedi,Duke U,Male,IEEE Fellow| IEEE Technical Achievement Award 
70,Athanasios Vasilakos,Lulea U of Technology| Sweden,Male,NA
70,Terry Winograd,Stanford,Male,NA
70,Moti Yung,Snapchat,Male,ACM Fellow| IEEE Fellow| IACR Fellow 
69,Tarek Abdelzaher,UIUC,Male,NA
69,Thomas Anderson,U Washington,Male,ACM Fellow 
69,Yoshua Bengio,U Montreal,Male,NA
69,James Bezdek,U West Florida,Male,IEEE Frank Rosenblatt Award 
69,H. V. Jagadish,U Michigan,Male,ACM Fellow 
69,Jon Kleinberg,Cornell,Male,ACM Fellow| Member of the National Academy of Engineering| Member of the National Academy of Sciences| MacArthur Fellow| ACM Infosys Foundation Award| Member of the American Academy of Arts & Sciences| ACM-AAAI Allen Newell Award 
69,Edward A. Lee,Berkeley,Male,NA
69,Jian Pei,Simon Fraser U,Male,ACM Fellow| IEEE Fellow 
68,Serge Abiteboul,INRIA,Male,ACM Fellow| Member of Academy of Europe (Academia Europaea)| Member of the French Academy of Sciences 
68,Markus Gross,ETH Zurich,Male,ACM Fellow| Member of the German Academy of Sciences 
68,Eric Horvitz,Microsoft,Male,ACM Fellow| ACM-AAAI Allen Newell Award 
68,Pradeep K. Khosla,UCSD,Male,IEEE Fellow| AAAI Fellow| AAAS Fellow| Member of the National Academy of Engineering 
68,Bing Liu,U Illinois at Chicago,Male,IEEE Fellow 
68,Olvi L. Mangasarian,U Wisconsin,Male,NA
68,Vern Paxson,ICSI,Male,ACM Fellow 
68,Ronald L. Rivest,MIT,Male,Turing Award| ACM Fellow| Member of the National Academy of Engineering| Member of the National Academy of Sciences| IACR Fellow| Member of the American Academy of Arts & Sciences 
68,Daniela Rus,MIT,Female,ACM Fellow| MacArthur Fellow 
68,Kang G. Shin,U Michigan,Male,ACM Fellow| IEEE Fellow 
68,Eduardo Sontag,Rutgers,Male,IEEE Fellow 
68,Nitin Vaidya,UIUC,Male,NA
68,John von Neumann,Princeton,Male,NA
67,Ricardo Baeza-Yates,Yahoo Labs,Male,ACM Fellow| IEEE Fellow 
67,Pierre Baldi,UC Irvine,Male,ACM Fellow| AAAS Fellow| AAAI Fellow| IEEE Fellow| ISCB Fellow 
67,Anantha Chandrakasan,MIT,Male,NA
67,Shih-Fu Chang,Columbia,Male,IEEE Fellow| IEEE Kiyo Tomiyasu Award 
67,Ingemar J. Cox,U College London,Male,ACM Fellow| IEEE Fellow 
67,William Freeman,MIT,Male,IEEE Fellow 
67,Ramesh Govindan,USC,Male,ACM Fellow 
67,Gabor Herman,City University of New York,Male,IEEE Fellow 
67,Maurizio Lenzerini,Sapienza U di Roma,Male,ACM Fellow| Member of Academy of Europe (Academia Europaea) 
67,Chris Taylor,U Manchester,Male,NA
67,George Varghese,Microsoft,Male,ACM Fellow| IEEE Kobayashi Award| ACM SIGCOMM Lifetime Award 
67,Jeffrey Vitter,U Kansas,Male,ACM Fellow| IEEE Fellow| AAAS Fellow 
67,Alex Waibel,CMU and U Karlsruhe,Male,NA
66,Elisa Bertino,Purdue U,Female,ACM Fellow| IEEE Fellow| IEEE Technical Achievement Award 
66,Daniel Bobrow,Xerox,Male,ACM Fellow 
66,Dan Boneh,Stanford,Male,ACM Infosys Foundation Award| IACR Fellow 
66,William Dally,Stanford,Male,ACM Fellow| IEEE Fellow| Member of the National Academy of Engineering| Fellow of the American Academy of Arts & Sciences 
66,Robert Haralick,City U of New York,Male,NA
66,Martial Hebert,CMU,Male,NA
66,John Hennessy,Stanford,Male,ACM Fellow| IEEE Fellow| Member of the National Academy of Engineering| Member of the National Academy of Sciences| Member of the American Academy of Arts & Sciences 
66,Jason H. Moore,U Pennsylvania,Male,AAAS Fellow| Kavli Fellow| ACMI Fellow 
66,John Mylopoulos,U Toronto,Male,FRSC 
66,Allen Newell,CMU,Male,Turing Award| IEEE Fellow| Member of the American Academy of Arts & Sciences 
66,Michael Wooldridge,U Liverpool,Male,AAAI Fellow 
66,Zhengyou Zhang,Microsoft,Male,ACM Fellow| IEEE Fellow 
65,Wolfram Burgard,U Freiburg,Male,NA
65,Anoop Gupta,Microsoft,Male,NA
65,Jean-Pierre Hubaux,EPFL,Male,ACM Fellow| IEEE Fellow 
65,Janusz Kacprzyk,Polish Academy of Sciences,Male,IEEE Fellow| Member of Academy of Europe (Academia Europaea) 
65,Anupam Joshi,U Maryland| Baltimore County,Male,NA
65,Frank Leymann,U Stuttgart,Male,NA
65,Nick McKeown,Stanford,Male,ACM Fellow| IEEE Fellow 
65,Sankar K. Pal,Indian Statistical Institute,Male,IEEE Fellow| IAPR Fellow 
65,Steffen Staab,U Koblenz-Landau,Male,NA
65,Ion Stoica,Berkeley,Male,ACM Fellow 
65,Geoffrey Voelker,UCSD,Male,NA
65,Haim J. Wolfson,Tel Aviv U,Male,NA
64,Luca Benini,U Bologna,Male,NA
64,Larry Davis,U Maryland,Male,ACM Fellow| IEEE Fellow 
64,Susan Dumais,Microsoft,Female,ACM Fellow 
64,Joseph Y. Halpern,Cornell,Male,ACM Fellow 
64,Wen-Mei W. Hwu,UIUC,Male,ACM Fellow 
64,Somesh Jha,U Wisconsin,Male,NA
64,George Karypis,U Minnesota,Male,NA
64,Dimitris Metaxas,Rutgers,Male,Fellow of American Institute of Medical and Biological Engineers 
64,Adrian Perrig,ETH Zurich,Male,NA
64,Raghu Ramakrishnan,Microsoft,Male,ACM Fellow| IEEE Fellow 
64,Cordelia Schmid,INRIA,Female,NA
64,Ivan Stojmenovic,U Ottawa,Male,IEEE Fellow| Member of Academy of Europe (Academia Europaea) 
63,Christophe Diot,Thomson Technology Paris Lab,Male,ACM Fellow 
63,Norman I. Badler,U Penn,Male,NA
63,Nir Friedman,Hebrew U of Jerusalem,Male,NA
63,David S. Johnson,AT&T Labs,Male,ACM Fellow| SIAM Fellow 
63,Sara Kiesler,CMU,Female,ACM Fellow 
63,Ming C. Lin,UNC,Female,ACM Fellow| IEEE Fellow 
63,Andrew McCallum,U Mass| Amherst,Male,AAAI Fellow 
63,Theodore S. Rappaport,NYU,Male,NA
63,Michael Reiter,UNC,Male,ACM Fellow| IEEE Fellow 
63,Daniel Thalmann,EPFL,Male,NA
62,Tim Cootes,U Manchester,Male,NA
62,C. Lee Giles,Penn State,Male,ACM Fellow| IEEE Fellow 
62,William Gropp,UIUC,Male,CM Fellow| IEEE Fellow| SIAM Fellow| Member of the National Academy of Engineering 
62,Nicholas J. Higham,U Manchester,Male,Fellow of the Royal Society| SIAM Fellow 
62,George Pappas,U Penn,Male,NA
62,Larry Peterson,Princeton,Male,ACM Fellow| Member of the National Academy of Engineering 
62,Gerard Salton,Cornell,Male,ACM Fellow 
62,Douglas C. Schmidt,Vanderbilt University,Male,NA
62,Tieniu Tan,Chinese Academy of Sciences,Male,IEEE Fellow| IAPR Fellow 
62,Lothar Thiele,ETH Zurich,Male,NA
62,Michael Unser,EPFL,Male,NA
62,Yorick Wilks,IHMC| Florida,Male,NA
61,Jon Crowcroft,U Cambridge,Male,ACM Fellow| IEEE Fellow| Fellow of the Royal Society 
61,Srinivas Devadas,MIT,Male,ACM Fellow| IEEE Fellow 
61,David Fogel,Natural Selection,Male,IEEE Fellow| IEEE Kiyo Tomiyasu Award 
61,Dieter Fox,U Washington,Male,NA
61,Michael Franklin,Berkeley,Male,ACM Fellow 
61,Saul Greenberg,University of Calgary,Male,Member of the ACM CHI Academy 
61,Pat Hanrahan,Stanford,Male,ACM Fellow| Member of the National Academy of Engineering 
61,Henry Kautz,Rochester,Male,ACM Fellow 
61,Kai Li,Princeton,Male,ACM Fellow| Member of the National Academy of Engineering 
61,Nadia Magnenat-Thalmann,U Geneva,Female,NA
61,Chunming Qiao,SUNY Buffalo,Male,IEEE Fellow 
61,Kaushik Roy,Purdue U,Male,NA
61,Russell H. Taylor,Johns Hopkins U,Male,NA
61,Roger Wattenhofer,ETH Zurich,Male,NA
61,Alan Yuille,UCLA,Male,NA
60,Ross Anderson,U Cambridge,Male,Fellow of the Royal Society 
60,David Dill,Stanford,Male,ACM Fellow| IEEE Fellow 
60,Ronald Fedkiw,Stanford,Male,Academy Award from The Academy of Motion Picture Arts and Sciences 
60,Wen Gao,Peking U,Male,ACM Fellow| IEEE Fellow 
60,Angelos Keromytis,Columbia,Male,NA
60,K. J. Ray Liu,U Maryland,Male,IEEE Fellow| AAAS Fellow 
60,Zohar Manna,Stanford,Male,ACM Fellow 
60,Lionel Ni,Hong Kong U of Science and Tech,Male,NA
60,Sudhakar Reddy,U Iowa,Male,IEEE Fellow 
60,Gregg Rothermel,U Nebraska| Lincoln,Male,NA
60,Dan Suciu,U Washington,Male,ACM Fellow 
60,Yiyu Yao,U Regina,Male,NA
59,Mohamed-Slim Alouini,KAUST,Male,NA
59,Guohong Cao,Penn State,Male,IEEE Fellow 
59,Carole Goble,U Manchester,Female,NA
59,Tim Berners-Lee,World Wide Web Foundation,Male,NA
59,Henry Levy,U Washington,Male,ACM Fellow| IEEE Fellow| Member of the National Academy of Engineering 
59,Huan Liu,Arizona State U,Male,NA
59,Silvio Micali,MIT,Male,Turing Award| Member of the National Academy of Engineering| Member of the National Academy of Sciences| IACR Fellow| Member of the American Academy of Arts & Sciences 
59,David Padua,UIUC,Male,ACM Fellow| IEEE Fellow 
59,David Tse,Berkeley,Male,NA
59,Jonathan Turner,Washington U| St Louis,Male,ACM Fellow 
59,Manuela Veloso,CMU,Male,NA
59,Philip Wadler,U Edinburgh,Male,ACM Fellow 
59,Daniel S. Weld,U Washington,Male,ACM Fellow 
58,Alex Acero,Apple,Male,IEEE Fellow| ISCA Fellow 
58,Alex Aiken,Stanford,Male,ACM Fellow 
58,Mostafa H. Ammar,Georgia Tech,Male,ACM Fellow| IEEE Fellow 
58,Eric Brewer,Berkeley,Male,ACM Fellow 
58,Luca Cardelli,Microsoft,Male,ACM Fellow| Member of Academy of Europe (Academia Europaea)| Fellow of the Royal Society 
58,Peter Druschel,Max Planck,Male,Member of Academy of Europe (Academia Europaea) 
58,Schahram Dustdar,TU Vienna,Male,Member of Academy of Europe (Academia Europaea)| IEEE Fellow 
58,Rajesh Gupta,UCSD,Male,IEEE Fellow 
58,Mark Harman,U College London,Male,NA
58,Mark D. Hill,U Wisconsin,Male,ACM Fellow 
58,Hisao Ishibuchi,Osaka Prefecture University,Male,IEEE Fellow 
58,Ramesh Jain,UC Irvine,Male,ACM Fellow| IEEE Fellow| AAAI Fellow| IAPR Fellow| SPIE Fellow 
58,David B. Johnson,Rice U,Male,NA
58,Arie Kaufman,SUNY Stony Brook,Male,ACM Fellow| IEEE Fellow 
58,David Kriegman,UCSD,Male,NA
58,Wenke Lee,Georgia Tech,Male,NA
58,Pattie Maes,MIT,Female,NA
58,Enrico Motta,The Open U,Male,NA
58,Noam Nisan,Hebrew U,Male,NA
58,John Reif,Duke U,Male,ACM Fellow| IEEE Fellow| AAAS Fellow 
58,Jennifer Rexford,Princeton,Female,ACM Fellow 
58,Stefano Soatto,UCLA,Male,NA
58,Amin Vahdat,UCSD,Male,ACM Fellow 
58,David Wagner,Berkeley,Male,NA
57,Alfred V. Aho,Columbia U,Male,ACM Fellow 
57,Gustavo Alonso,ETH Zurich,Male,ACM Fellow| IEEE Fellow 
57,Mikhail Atallah,Purdue U,Male,ACM Fellow 
57,Michael J. Black,Brown U,Male,NA
57,Avrim Blum,CMU,Male,ACM Fellow 
57,Jean-Yves Le Boudec,EPFL,Male,NA
57,James Demmel,Berkeley,Male,ACM Fellow| SIAM Fellow| Paris Kanellakis Theory and Practice Award 
57,Stuart K. Card,Xerox,Male,NA
57,David K. Gifford,MIT,Male,NA
57,Mark Handley,U College London,Male,NA
57,David Harel,Weizmann,Male,ACM Fellow| IEEE Fellow| Member of Academy of Europe (Academia Europaea) 
57,Leslie Lamport,Microsoft,Male,Turing Award| ACM Fellow| Member of the National Academy of Engineering 
57,Steve Lawrence,Google,Male,NA
57,Tom Leighton,MIT,Male,Member of the National Academy of Engineering| SIAM Fellow 
57,Tom Mitchell,CMU,Male,NA
57,Wolfgang Nejdl,L3S Research Center| Hannover,Male,NA
57,Alex Nicolau,UC Irvine,Male,IEEE Fellow 
57,Rafail Ostrovsky,UCLA,Male,IACR Fellow 
57,Massoud Pedram,USC,Male,NA
57,Martin Rinard,MIT,Male,NA
57,David Salesin,Adobe Systems,Male,ACM Fellow 
57,Tuomas Sandholm,CMU,Male,ACM Fellow 
57,Padhraic Smyth,UC Irvine,Male,ACM Fellow 
57,Andrew S. Tanenbaum,Vrije U| The Netherlands,Male,ACM Fellow| IEEE Fellow 
57,Walter Willinger,Bell Labs,Male,ACM Fellow| SIAM Fellow 
57,Xin Yao,U Birmingham,Male,IEEE Fellow 
57,Michele Zorzi,U Padova,Male,IEEE Fellow 
56,Gregory D. Abowd,Georgia Tech,Male,ACM Fellow| ACM SIGCHI Academy 
56,Alan Burns,U York,Male,NA
56,Stefano Ceri,Politecnico di Milano,Male,ACM Fellow| Member of Academy of Europe (Academia Europaea) 
56,Bernard Chazelle,Princeton,Male,ACM Fellow 
56,Rachid Deriche,INRIA,Male,NA
56,Eleazar Eskin,UCLA,Male,NA
56,Dieter Fensel,Innsbruck U,Male,NA
56,David Garlan,CMU,Male,ACM Fellow 
56,Dimitrios Gunopulos,U Athens,Male,NA
56,Matthias Jarke,RWTH Aachen,Male,NA
56,Kim G. Larsen,Aalborg U,Male,NA
56,Songwu Lu,UCLA,Male,NA
56,Raymond Mooney,UT Austin,Male,ACM Fellow 
56,Brad Myers,CMU,Male,ACM Fellow| IEEE Fellow 
56,Pietro Perona,Cal Tech,Male,NA
56,Miodrag Potkonjak,UCLA,Male,NA
56,Rajeev Rastogi,Amazon,Male,ACM Fellow 
56,Sartaj Sahni,U Florida,Male,ACM Fellow| IEEE Fellow 
56,Hanan Samet,U Maryland,Male,ACM Fellow| IEEE Fellow 
56,Ravi Sandhu,UT San Antonio,Male,ACM Fellow| IEEE Fellow| IEEE Technical Achievement Award 
56,Dennis Shasha,NYU,Male,ACM Fellow 
56,Prashant Shenoy,U Mass| Amherst,Male,NA
56,Ian Witten,U Waikato,Male,ACM Fellow 
56,Yang Xiao,U Alabama,Male,NA
55,Sanjoy Baruah,UNC,Male,IEEE Fellow 
55,Ming-Syan Chen,National Taiwan University,Male,ACM Fellow| IEEE Fellow 
55,Michael Cohen,Microsoft,Male,ACM Fellow 
55,Daniel Cohen-Or,Tel Aviv U,Male,NA
55,Stefan Decker,RWTH Aachen U,Male,NA
55,Pedro Domingos,U Washington,Male,NA
55,Philippe Flajolet,INRIA,Male,Member of Academy of Europe (Academia Europaea) 
55,Edward A. Fox,Virginia Tech,Male,NA
55,Tao Jiang,UC Riverside,Male,ACM Fellow| AAAS Fellow 
55,David Kotz,Dartmouth,Male,NA
55,Jeff Kramer,Imperial College| London,Male,ACM Fellow 
55,Ravi Kumar,Google,Male,NA
55,H. T. Kung,Harvard,Male,Member of the National Academy of Engineering 
55,Sharad Malik,Princeton,Male,ACM Fellow 
55,B. S. Manjunath,UC Santa Barbara,Male,IEEE Fellow 
55,David Peleg,Weizmann,Male,NA
55,Riccardo Poli,U Essex,Male,NA
55,Calton Pu,Georgia Tech,Male,NA
55,Maarten de Rijke,U Amsterdam,Male,NA
55,Philip Rogaway,UC Davis,Male,IACR Fellow 
55,Yvonne Rogers,U College London,Male,NA
55,Alejandro Schaffer,National Institutes of Health,Male,NA
55,Joseph Sifakis,EPFL,Male,Turing Award| ACM Fellow| Member of Academy of Europe (Academia Europaea)| Member of the French Academy of Sciences 
55,Nigel Shadbolt,U Southampton,Male,NA
55,Salvatore Stolfo,Columbia,Male,NA
55,Milind Tambe,USC,Male,ACM Fellow| AAAI Fellow 
55,Vladimir Vapnik,Royal Holloway| U London,Male,ember of the National Academy of Engineering| IEEE Frank Rosenblatt Award 
55,Carlo Zaniolo,UCLA,Male,NA
54,Chandrajit Bajaj,UT Austin,Male,ACM Fellow 
54,David Blaauw,U Michigan,Male,NA
54,Ran Canetti,Tel Aviv U,Male,NA
54,John Canny,Berkeley,Male,NA
54,Imrich Chlamtac,U Trento,Male,NA
54,Ahmed Elmagarmid,Purdue U and Qatar Computing Research Inst,Male,ACM Fellow 
54,David Heckerman,Microsoft and UCLA,Male,ACM Fellow 
54,Kurt Keutzer,Berkeley,Male,IEEE Fellow 
54,Xiang-Yang Li,Illinois Institute of Tech,Male,IEEE Fellow 
54,Fernando C. N. Pereira,U Penn,Male,NA
54,Amir Pnueli,Weizmann and New York University,Male,Turing Award| ACM Fellow| Member of the National Academy of Engineering 
54,Marc Pollefeys,ETH Zurich,Male,IEEE Fellow 
54,Mary Beth Rosson,Penn State U,Male,NA
54,Abraham Silberschatz,Yale,Male,ACM Fellow| IEEE Fellow 
54,Barry Smyth,U College Dublin,Male,NA
54,Andreas Stolcke,Microsoft,Male,NA
53,Ajith Abraham,MIR Labs,Male,NA
53,Pankaj K. Agarwal,Duke U,Male,ACM Fellow 
53,Divyakant Agrawal,UC Santa Barbara,Male,ACM Fellow 
53,Shun-ichi Amari,Riken,Male,NA
53,David Cheriton,Stanford,Male,NA
53,Mark Crovella,Boston University,Male,ACM Fellow 
53,Dipankar Dasgupta,U Memphis,Male,IEEE Fellow 
53,Sally Floyd,ICSI,Female,ACM Fellow 
53,Giuseppe De Giacomo,Sapienza U di Roma,Male,NA
53,Georg Gottlob,University of Oxford,Male,ACM Fellow| Fellow of the Royal Society| Member of Academy of Europe (Academia Europaea) 
53,Rajiv Gupta,UC Riverside,Male,ACM Fellow| IEEE Fellow| AAAS Fellow 
53,Frank van Harmelen,Vrije U| The Netherlands,Male,NA
53,John Heidemann,USC/ISI,Male,NA
53,Craig Knoblock,USC,Male,NA
53,Marta Kwiatkowska,U Oxford,Male,Member of Academia Europea 
53,Laks V.S. Lakshmanan,U British Columbia,Male,NA
53,James Larus,EPFL,Male,ACM Fellow 
53,Der-Tsai Lee,National Chung Hsing University,Male,ACM Fellow| IEEE Fellow| Member of TWAS 
53,Michael L. Littman,Rutgers,Male,NA
53,Zbigniew Michalewicz,U Adelaide,Male,NA
53,Michael Mitzenmacher,Harvard,Male,ACM Fellow 
53,Michael Pazzani,Rutgers,Male,NA
53,Rosalind Picard,MIT,Male,NA
53,Manfred Reichert,Ulm U,Male,NA
53,Amit Sahai,UCLA,Male,NA
53,John R. Smith,IBM Research,Male,NA
53,Majid Sarrafzadeh,UCLA,Male,IEEE Fellow 
53,Divesh Srivastava,AT&T Labs,Male,ACM Fellow 
53,Gaurav Sukhatme,USC,Male,NA
53,Subhash Suri,UC Santa Barbara,Male,ACM Fellow 
53,Enrique Herrera Viedma,U Granada,Male,NA
53,Michael P. Wellman,U Michigan,Male,ACM Fellow 
53,Gio Wiederhold,Stanford,Male,ACM Fellow 
53,Yuanyuan Zhou,UCSD,Female,ACM Fellow 
52,James F. Allen,U Rochester,Male,NA
52,Eitan Altman,INRIA,Male,IEEE Fellow 
52,Serge Belongie,Cornell Tech in NYC and UCSD,Male,NA
52,Roberto Cipolla,U Cambridge,Male,NA
52,Carlos A. C. Coello,CINVESTAV-IPN| Mexico,Male,IEEE Fellow| IEEE Kiyo Tomiyasu Award 
52,William W. Cohen,CMU,Male,NA
52,Erik Demaine,MIT,Male,NA
52,Thomas Dietterich,Oregon State U,Male,ACM Fellow 
52,Danny Dolev,Hebrew U,Male,ACM Fellow 
52,Thomas Eiter,TU Vienna,Male,NA
52,Johannes Gehrke,Cornell,Male,ACM Fellow| IEEE Technical Achievement Award 
52,Phillip Gibbons,Intel,Male,ACM Fellow 
52,Donald Greenberg,Cornell U,Male,NA
52,Jonathan Grudin,Microsoft,Male,NA
52,Charles E. Leiserson,MIT,Male,ACM Fellow| AAAS Fellow 
52,Jure Leskovec,Stanford,Male,NA
52,Marc Levoy,Stanford,Male,NA
52,Theo Pavlidis,SUNY Stony Brook,Male,IEEE Fellow 
52,Wayne Luk,Imperial College London,Male,NA
52,Peter Patel-Schneider,Nuance Communications,Male,NA
52,Gordon Plotkin,U Edinburgh,Male,Member of Academy of Europe (Academia Europaea) 
52,Jan M. Rabaey,Berkeley,Male,NA
52,John Riedl,U Minnesota,Male,ACM Fellow 
52,Keith Ross,Polytechnic Institute of NYU,Male,ACM Fellow| IEEE Fellow 
52,Dan Roth,UIUC,Male,ACM Fellow| AAAI Fellow| ACL Fellow 
52,Pierangela Samarati,U Milano,Female,NA
52,Vivek Sarkar,Rice U,Male,ACM Fellow 
52,Bernhard Steffen,TU Dortmund,Male,NA
52,Qian Zhang,Hong Kong U of Sci and Tech,Male,IEEE Fellow 
51,Gul Agha,UIUC,Male,NA
51,Dharma P. Agrawal,U Cincinnati,Male,ACM Fellow| IEEE Fellow 
51,Baruch Awerbuch,Johns Hopkins U,Male,NA
51,Joachim Buhmann,ETH Zurich,Male,NA
51,Kevin Bowyer,U Notre Dame,Male,IEEE Fellow 
51,Peter Brusilovsky,U Pittsburgh and CMU,Male,NA
51,Brad Calder,Microsoft,Male,NA
51,Diego Calvanese,Free University of Bozen-Bolzano,Male,NA
51,Fabio Casati,U Trento,Male,NA
51,Dorin Comaniciu,Siemens,Male,IEEE Fellow 
51,Peter Denning,Naval Postgraduate School,Male,ACM Fellow| IEEE Fellow| AAAS Fellow| past ACM President 
50,Stephane Ducasse,INRIA,Male,NA
51,Michael Fellows,Charles Darwin U,Male,NA
51,Stephanie Forrest,U New Mexico,Female,NA
51,Zoubin Ghahramani,U Cambridge / CMU,Male,NA
51,Ron Graham,UCSD,Male,ACM Fellow| Member of the National Academy of Sciences 
51,Rachid Guerraoui,EPFL,Male,ACM Fellow 
51,Joseph M. Hellerstein,Berkeley,Male,ACM Fellow 
51,Piotr Indyk,MIT,Male,NA
51,Norman Jouppi,HP Labs,Male,ACM Fellow 
51,Kevin Knight,USC,Male,NA
51,Steven Low,Cal Tech,Male,NA
51,Wei-Ying Ma,Microsoft,Male,NA
51,Christopher Manning,Stanford,Male,ACM Fellow 
51,Ueli Maurer,ETH Zurich,Male,IEEE Fellow| IACR Fellow| Member of the German Academy of Sciences 
51,Thomas P. Moran,IBM,Male,ACM Fellow 
51,Vijaykrishnan Narayanan,Penn State,Male,ACM Fellow 
51,Badri Nath [B R Badrinath],Rutgers,Male,NA
51,Lionel M. Ni,Hong Kong U of Sci and Tech,Male,IEEE Fellow 
51,Venkata N. Padmanabhan,Microsoft Research,Male,IEEE Fellow| Member of the Indian National Academy of Engineering 
51,Jordan Pollack,Brandeis,Male,NA
51,Gunnar Ratsch,Memorial Sloan-Kettering Cancer Center,Male,NA
51,Arnold W.M. Smeulders,U Amsterdam,Male,Member of Academy of Europe (Academia Europaea)| IAPR Fellow 
51,Dawn Song,Berkeley,Male,MacArthur Fellow 
51,Robert Stevens,U Manchester,Male,NA
51,Roberto Tamassia,Brown U,Male,ACM Fellow| IEEE Technical Achievement Award 
51,Wei Wang,UCLA,Male,NA
51,Joachim Weickert,Saarland University,Male,Member of Academy of Europe (Academia Europaea) 
51,Gerhard Woeginger,TU Eindhoven,Male,NA
50,Vineet Bafna,UCSD,Male,NA
50,Ben Bederson,U Maryland,Male,NA
50,Steve Benford,U Nottingham,Male,NA
50,Philip A. Bernstein,Microsoft,Male,ACM Fellow| Member of the National Academy of Engineering 
50,Brian Bershad,U Washington,Male,NA
50,Aaron Bobick,Georgia Tech,Male,NA
50,Boualem Benatallah,U New South Wales,Male,NA
50,Lionel Briand,Carleton U,Male,IEEE Harlan D. Mills Award 
50,Surajit Chaudhuri,Microsoft,Male,ACM Fellow 
50,Philip R Cohen,VoiceBox,Male,AAAI Fellow| 
50,Mathieu Desbrun,Caltech,Male,NA
50,Garth Gibson,CMU,Male,ACM Fellow 
50,Andrew Gordon,Microsoft,Male,NA
50,W. Eric L. Grimson,MIT,Male,ACM Fellow 
50,Jessica Hodgins,CMU,Male,NA
50,Sitharama S. Iyengar,Florida International U,Male,ACM Fellow| IEEE Fellow| AAAS Fellow| Member of the European Academy of Sciences 
50,Michal Irani,Weizmann,Male,NA
50,Van Jacobson,PARC,Male,Member of the National Academy of Engineering 
50,Raj Jain,Washington U,Male,ACM Fellow| IEEE Fellow 
50,Joost-Pieter Katoen,RWTH Aachen U,Male,Member of Academy of Europe (Academia Europaea) 
50,Jeff Kephart,IBM Research,Male,IEEE Fellow 
50,Edward Knightly,Rice U,Male,IEEE Fellow 
50,Hugo Krawczyk,IBM,Male,IACR Fellow 
50,Yann LeCun,NYU,Male,NA
50,Chih-Jen Lin,National Taiwan U,Male,ACM Fellow 
50,David Maier,Portland State U,Male,ACM Fellow 
50,Ralph Martin,Cardiff U,Male,Fellow of the British Computer Society| Fellow of the Learned Society of Wales 
50,Yishay Mansour,Tel Aviv U,Male,ACM Fellow 
50,Dimitris Metaxas,Rutgers,Male,NA
50,Joseph S. B. Mitchell,SUNY Stony Brook,Male,ACM Fellow 
50,Trevor Mudge,U Michigan,Male,IEEE Fellow| ACM-IEEE CS Eckert-Mauchly Award 
50,Richard Muntz,UCLA,Male,ACM Fellow| IEEE Fellow 
50,S. Muthukrishnan,Rutgers,Male,ACM Fellow 
50,Frank Pfenning,CMU,Male,NA
50,Benjamin Pierce,U Penn,Male,ACM Fellow 
50,Joel Saltz,Emory University,Male,American Medical Informatics Association Fellow 
50,Shashi Shekhar,U Minnesota,Male,IEEE Fellow| AAAS Fellow| IEEE Technical Achievement Award 
50,Kevin Skadron,U Virginia,Male,IEEE Fellow 
50,Alan Smeaton,Dublin City U,Male,Member of the Royal Irish Academy 
50,Sargur Srihari,SUNY Buffalo,Male,IEEE Fellow| IAPR Fellow 
50,Mark Steedman,U Edinburgh,Male,NA
50,Douglas Stinson,U Waterloo,Male,NA
50,Eva Tardos,Cornell,Female,ACM Fellow| Member of the National Academy of Engineering| Member of the National Academy of Sciences| IEEE Technical Achievement Award| SIAM Fellow| Member of the American Academy of Arts & Sciences 
50,Salil Vadhan,Harvard U,Male,NA
50,Pascal Van Hentenryck,ANU and NICTA,Male,NA
50,Michael N. Vrahatis,U Patras,Male,NA
50,Michael Waidner,TU Darmstadt,Male,NA
50,Darrell Whitley,Colorado State University,Male,NA
50,Steve Whittaker,UC Santa Cruz,Male,ACM Fellow 
49,Michael Backes,Saarland U,Male,NA
49,Andrew Barto,U Mass| Amherst,Male,IEEE Fellow| AAAS Fellow 
49,Bir Bhanu,UC Riverside,Male,IEEE Fellow| AAAS Fellow| IAPR Fellow| SPIE Fellow| AIMBE Fellow 
49,Craig Boutilier,U Toronto,Male,ACM Fellow 
49,Andrew A. Chien,U. Chicago,Male,ACM Fellow| IEEE Fellow| AAAS Fellow 
49,Kenneth Church,IBM,Male,NA
49,Adnan Darwiche,UCLA,Male,AAAI Fellow 
49,David J. DeWitt,U Wisconsin,Male,ACM Fellow| Member of the National Academy of Engineering 
49,Bruce R. Donald,Duke U,Male,ACM Fellow| IEEE Fellow 
49,Paul Dourish,UC Irvine,Male,NA
49,David Eppstein,UC Irvine,Male,ACM Fellow 
49,Matthias Felleisen,Northeastern U,Male,ACM Fellow 
49,Steven Feiner,Columbia,Male,NA
49,Carlos Guestrin,U Washington,Male,NA
49,Leonidas J. Guibas,Stanford,Male,ACM Fellow 
49,Tian He,U Minnesota,Male,NA
49,Holger Hoos,U British Columbia,Male,NA
49,Hugues Hoppe,Microsoft,Male,ACM Fellow 
49,Tomasz Imielinski,Rutgers,Male,NA
49,Mark Johnson,Macquarie U,Male,NA
49,Ron Kimmel,Technion,Male,NA
49,Hans-Peter Kriegel,Ludwig-Maximilians U| Munich,Male,ACM Fellow 
49,Marwan Krunz,U Arizona,Male,IEEE Fellow 
49,Benjamin Kuipers,U Michigan,Male,NA
49,Hector Levesque,U Toronto,Male,FRSC 
49,Michael Luby,ICSI,Male,NA
49,Kurt Mehlhorn,Max Planck,Male,ACM Fellow 
49,Robert Morris,MIT,Male,ACM Fellow 
49,Moni Naor,Weizmann,Male,IACR Fellow 
49,Jeffrey F. Naughton,U Wisconsin,Male,ACM Fellow 
49,Norman Paton,U Manchester,Male,NA
49,Bart Preneel,KU Leuven,Male,NA
49,Kannan Ramchandran,Berkeley,Male,NA
49,Rajesh Rao,U Washington,Male,NA
49,Andre Schiper,EPFL,Male,NA
49,Timos Sellis,RMIT| Australia,Male,NA
49,Bart Selman,Cornell,Male,ACM Fellow 
49,Daniel Siewiorek,CMU,Male,ACM Fellow| Member of the National Academy of Engineering 
49,John Stasko,Georgia Tech,Male,NA
49,Michael Stonebraker,MIT,Male,Turing Award| ACM Fellow| Member of the National Academy of Engineering 
49,V. S. Subrahmanian,U Maryland,Male,NA
49,Richard S. Sutton,U Alberta,Male,NA
49,Gerhard Weikum,Max Planck,Male,ACM Fellow| Member of Academy of Europe (Academia Europaea) 
49,David Wetherall,U Washington,Male,ACM Fellow 
49,David A. Wood,U Wisconsin,Male,ACM Fellow| IEEE Fellow 
49,Ming-Hsuan Yang,UC Merced,Male,NA
49,Justin Zobel,U Melbourne,Male,NA
48,James Allan,U Mass| Amherst,Male,NA
48,Andrew Appel,Princeton,Male,ACM Fellow 
48,Franz Baader,TU Dresden,Male,Member of Academy of Europe (Academia Europaea) 
48,Dana Ballard,UT Austin,Male,NA
48,Jan Bergstra,U Amsterdam,Male,Member of Academy of Europe (Academia Europaea) 
48,Randal Bryant,CMU,Male,ACM Fellow 
48,Peter Buneman,U Edinburgh,Male,ACM Fellow| Fellow of the Royal Society 
48,Vince Calhoun,U New Mexico,Male,NA
48,Michael J. Carey,UC Irvine,Male,ACM Fellow| Member of the National Academy of Engineering 
48,Umeshwar Dayal,HP Labs,Male,ACM Fellow 
48,Russell Impagliazzo,UCSD,Male,NA
48,Joshua Knowles,U Manchester,Male,NA
48,Simon S. Lam,UT Austin,Male,ACM Fellow| IEEE Fellow| Member of the National Academy of Engineering 
48,James Landay,U Washington,Male,NA
48,Jerome Lang,CRNS,Male,NA
48,Tomas Lozano-Perez,MIT,Male,NA
48,Deborah L. McGuinness,RPI,Female,AAAS Fellow 
48,Samuel Madden,MIT,Male,NA
48,Kathleen McKeown,Columbia,Male,ACM Fellow 
48,Kathryn McKinley,Microsoft,Female,ACM Fellow| IEEE Fellow 
48,Bertrand Meyer,ETH Zurich,Male,ACM Fellow| ACM Software System Award| Member of Academy of Europe (Academia Europaea)| IEEE Harlan D. Mills Award 
48,Gonzalo Navarro,U Chile,Male,NA
48,Stefano Nolfi,National Research Council| Rome,Male,NA
48,Yannis Papakonstantinou,UCSD,Male,NA
48,David Parnas,U Limerick,Male,ACM Fellow| IEEE Harlan D. Mills Award 
48,Jean-Jacques Quisquater,U Catholique de Louvain,Male,IACR Fellow 
48,Ulrike Sattler,U Manchester,Male,NA
48,Mahadev Satyanarayanan,CMU,Male,ACM Fellow| IEEE Fellow 
48,Bernt Schiele,Max Planck,Male,NA
48,Steven Seitz,U Washington,Male,NA
48,Yoram Singer,Google,Male,NA
48,Satinder Singh,U Michigan,Male,NA
48,Richard Snodgrass,U Arizona,Male,ACM Fellow 
48,Jaideep Srivastava,Qatar Computing Research Institute,Male,NA
48,Maarten van Steen,U Twente,Male,NA
48,Peter Steenkiste,CMU,Male,NA
48,Peter Stone,UT Austin,Male,NA
48,Alistair Sutcliffe,U Manchester,Male,NA
48,Andrew Tomkins,Google,Male,NA
48,Philip Torr,Oxford Brookes U,Male,NA
48,Dean Tullsen,UCSD,Male,ACM Fellow 
48,Ben Y. Zhao,UC Santa Barbara,Male,NA
48,Xiaohua Jia,City U of Hong Kong,Male,IEEE Fellow 
47,Wolfgang Banzhaf,Memorial U Newfoundland,Male,NA
47,Elizabeth Belding,UC Santa Barbara,Female,NA
47,Mark Billinghurst,U Canterbury| New Zealand,Male,NA
47,Horst Bischof,Graz U of Technology,Male,NA
47,Gaetano Borriello,U Washington,Male,ACM Fellow 
47,Robert K. Brayton,Berkeley,Male,NA
47,Justine Cassell,CMU,Male,NA
47,Rina Dechter,UC Irvine,Female,ACM Fellow 
47,Inderjit S. Dhillon,UT Austin,Male,ACM Fellow 
47,Dirk Grunwald,U Colorado,Male,NA
47,Carl Gutwin,U Saskatchewan,Male,NA
47,Greg Hager,Johns Hopkins U,Male,NA
47,Bernd Hamann,UC Davis,Male,NA
47,Mary Jean Harrold,Georgia Tech,Female,ACM Fellow 
47,Matthew Hennessy,U Sussex,Male,NA
47,Maurice Herlihy,Brown U,Male,ACM Fellow 
47,C.A.R. Tony Hoare,Microsoft,Male,Turing Award| Fellow of the Royal Society| Member of Academy of Europe (Academia Europaea) 
47,Mahmut Kandemir,Penn State,Male,NA
47,Leonard Kleinrock,UCLA,Male,ACM Fellow| IEEE Fellow| Member of the National Academy of Engineering 
47,Rich Korf,UCLA,Male,AAAI Fellow 
47,Ramamohanarao Rao Kotagiri,U Melbourne,Male,NA
47,Jim Kurose,U Mass| Amherst,Male,ACM Fellow| IEEE Fellow 
47,Richard Lipton,Georgia Tech,Male,ACM Fellow| Member of the National Academy of Engineering 
47,Scott Mahlke,U Michigan,Male,NA
47,Nasir Memon,Polytechnic Institute of NYU,Male,IEEE Fellow 
47,Daniel Menasce,George Mason U,Male,ACM Fellow| IEEE Fellow 
47,Johanna Moore,U Edinburgh,Female,NA
47,Jeff Offutt,George Mason U,Male,NA
47,Dimitris Papadias,Hong Kong U of Sci and Tech,Male,NA
47,Yale Patt,UT Austin,Male,ACM Fellow| IEEE Fellow 
47,Yong Rui,Microsoft,Male,IEEE Fellow| IAPR Fellow| SPIE Fellow 
47,Albrecht Schmidt,U Stuttgart,Male,NA
47,Claudio Silva,NYU,Male,IEEE Fellow 
47,Mary Lou Soffa,U Virginia,Female,ACM Fellow 
47,P. N. Suganthan,Nanyang Tech U| Singapore,Male,NA
47,Toby Walsh,NICTA and UNSW,Male,NA
47,Chris Williams,U Edinburgh,Male,NA
47,Wang Yi,Uppsala U,Male,IEEE Fellow| Member of Academy of Europe (Academia Europaea) 
46,Henri Bal,Vrije U| Amsterdam,Male,NA
46,Thomas Ball,Microsoft,Male,ACM Fellow 
46,Christopher Bishop,Microsoft,Male,NA
46,Krishnendu Chakrabarty,Duke U,Male,ACM Fellow| IEEE Fellow 
46,Nick Duffield,AT&T Labs,Male,NA
46,Max J. Egenhofer,U Maine,Male,NA
46,Charles Elkan,UCSD,Male,NA
46,Wenfei Fan,U Edinburgh,Male,ACM Fellow 
46,Dror Feitelson,Hebrew U,Male,NA
46,Yoav Freund,UCSD,Male,AAAI Fellow 
46,Rosario Gennaro,City College of New York,Male,NA
46,Steve Gribble,U Washington,Male,NA
46,John Hopcroft,Cornell,Male,Turing Award| ACM Fellow| Member of the National Academy of Engineering| Member of the National Academy of Sciences| SIAM Fellow| Member of the American Academy of Arts & Sciences 
46,Tom Hou,Virginia Tech,Male,IEEE Fellow 
46,Katsushi Ikeuchi,U Tokyo,Male,NA
46,Yannis Ioannidis,U Wisconsin,Male,ACM Fellow| Member of Academy of Europe (Academia Europaea) 
46,Niraj K. Jha,Princeton,Male,ACM Fellow| IEEE Fellow 
46,Eamonn Keogh,UC Riverside,Male,NA
46,Joe Kilian,Rutgers,Male,NA
46,Dexter Kozen,Cornell,Male,ACM Fellow 
46,Vladimir Lifschitz,UT Austin,Male,NA
46,Jimmy Lin,U Maryland,Male,NA
46,Patrick Lincoln,SRI,Male,NA
46,Andrew Lumsdaine,Indiana U,Male,NA
46,Margaret Martonosi,Princeton,Female,ACM Fellow 
46,Kenneth McMillan,Microsoft,Male,NA
46,Enrico Motta,The Open University| UK,Male,NA
46,Zoran Obradovic,Temple U,Male,NA
46,Shmuel Peleg,Hebrew U,Male,NA
46,Jean Ponce,ENS,Male,NA
46,Mooly Sagiv,Tel Aviv University,Male,NA
46,Mary Shaw,CMU,Female,ACM Fellow 
46,Arun Somani,Iowa State,Male,IEEE Fellow| AAAS Fellow 
46,Rudi Studer,Karlsruhe Inst Tech,Male,NA
46,Madhu Sudan,MIT,Male,ACM Fellow 
46,Chew Lim Tan,National U Singapore,Male,NA
46,Jose Luis Verdegay,U Granada| Spain,Male,IFSA Fellow 
46,Rene Vidal,Johns Hopkins U,Male,NA
46,Emo Welzl,ETH Zurich,Male,Member of Academy of Europe (Academia Europaea)| Member of the German Academy of Sciences 
46,Franco Zambonelli,U Modena e Reggio Emilia,Male,IEEE Fellow 
46,Matt Welsh,Google,Male,NA
46,Ouri Wolfson,U Illinois at Chicago,Male,ACM Fellow| IEEE Fellow| AAAS Fellow 
45,Andrei Broder,Google,Male,ACM Fellow| Member of the National Academy of Engineering 
45,Oscar Cordon,U Granada| Spain,Male,NA
45,Samir Das,SUNY Stony Brook,Male,NA
45,Michael Ernst,U Washington,Male,ACM Fellow 
45,Anja Feldmann,TU Berlin,Female,NA
45,Amos Fiat,Tel Aviv U,Male,NA
45,Patrick J. Flynn,U Notre Dame,Male,NA
45,Lise Getoor,UC Santa Cruz,Male,AAAI Fellow 
45,Holger Hermanns,Saarland U,Male,Member of Academy of Europe (Academia Europaea) 
45,M. Frans Kaashoek,MIT,Male,ACM Fellow| ACM Infosys Foundation Award| Member of the National Academy of Engineering 
45,Carl Kesselman,USC/ISI,Male,NA
45,Nikola Kasabov,Auckland U of Technology,Male,NA
45,Ross King,U Manchester,Male,NA
45,John Koza,Stanford,Male,NA
45,Arvind Krishnamurthy,U Washington,Male,NA
45,Rudolf Kruse,U Magdeburg,Male,IEEE Fellow 
45,Ed Lazowska,U Washington,Male,ACM Fellow| Member of the National Academy of Engineering 
45,Victor Lesser,U Mass| Amherst,Male,IEEE Fellow| AAAI Fellow 
45,Ming Li,U Waterloo,Male,ACM Fellow| IEEE Fellow 
45,Heikki Mannila,U Helsinki,Male,NA
45,Daniel Marcu,USC,Male,NA
45,Nenad Medvidovic,USC,Male,NA
45,Alberto O. Mendelzon,U Toronto,Male,NA
45,Dusit Niyato,Nanyang Technological U,Male,NA
45,John Ousterhout,Stanford,Male,ACM Fellow| Member of the National Academy of Engineering 
45,Bijan Parsia,U Manchester,Male,NA
45,Michel Raynal,IRISA,Male,NA
45,Hajo Reijers,Vrije U Amsterdam,Male,NA
45,Fred Schneider,Cornell,Male,ACM Fellow| Member of the National Academy of Engineering 
45,Dana Scott,CMU,Male,Turing Award| ACM Fellow| Member of Academy of Europe (Academia Europaea) 
45,Carles Sierra,Artificial Intelligence Research Institute| Spain,Male,NA
45,Eero P. Simoncelli,NYU,Male,IEEE Fellow 
45,Mukesh Singhal,UC Merced,Male,NA
45,Marc Snir,UIUC,Male,ACM Fellow| IEEE Fellow 
45,Richard Taylor,UC Irvine,Male,ACM Fellow 
45,Murat Tekalp,Koc University| Turkey,Male,IEEE Fellow| Member of Academy of Europe (Academia Europaea) 
45,Mikkel Thorup,AT&T Labs and U Copenhagen,Male,ACM Fellow| Member of the Royal Danish Academy of Sciences and Letters 
45,Victor Vianu,UCSD,Male,ACM Fellow 
45,Jun Wang,The Chinese U of Hong Kong,Male,IEEE Fellow 
45,Jarke J. van Wijk,TU Eindhoven,Male,NA
45,Niklaus Wirth,ETH Zurich,Male,Turing Award| ACM Fellow 
45,Mohammed Zaki,RPI,Male,NA
45,Steven Zucker,Yale,Male,NA
44,Victor Basili,U Maryland,Male,ACM Fellow| IEEE Harlan D. Mills Award 
44,Ernst Biersack,Eurecom| Sophia Antipolis| France,Male,NA
44,Kenneth Birman,Cornell,Male,ACM Fellow 
44,Terrance E. Boult,U Colorado at Colorado Springs,Male,NA
44,Andrew Brass,U Manchester,Male,NA
44,Carla Brodley,Tufts University,Female,AAAI Fellow 
44,Jan Camenisch,IBM Zurich,Male,IEEE Technical Achievement Award 
44,Balakrishnan Chandrasekaran,Ohio State,Male,ACM Fellow| IEEE Fellow| AAAI Fellow 
44,Brian Curless,U Washington,Male,NA
44,Marlon Dumas,U Tartu,Male,NA
44,E. Allen Emerson,UT Austin,Male,Turing Award 
44,Dick Epema,TU Delft,Male,NA
44,Christos Faloutsos,CMU,Male,ACM Fellow 
44,Babak Falsafi,EPFL,Male,NA
44,Jodi Forlizzi,CMU,Male,NA
44,Carlo Ghezzi,Politecnico di Milano,Male,ACM Fellow| IEEE Fellow| Member of Academy of Europe (Academia Europaea) 
44,Oded Goldreich,Weizmann,Male,IACR Fellow 
44,Shafi Goldwasser,MIT and Weizmann,Female,Turing Award| Member of the National Academy of Engineering| Member of the National Academy of Sciences| IACR Fellow| Member of the American Academy of Arts & Sciences 
44,Ahmed Helmy,U Florida,Male,NA
44,Manuel Hermenegildo,IMDEA and U Politecnica Madrid,Male,NA
44,Thomas Hofmann,Google,Male,NA
44,Markus Jakobsson,Paypal,Male,NA
44,Jean-Marc Jezequel,U Rennes and INRIA,Male,NA
44,Thorsten Joachims,Cornell,Male,ACM Fellow 
44,Lydia Kavraki,Rice U,Female,ACM Fellow| AAAI Fellow| Member of the Institute of Medicine 
44,Donald Kossmann,ETH Zurich,Male,ACM Fellow 
44,Tao Li,Florida International U,Male,NA
44,Gail Murphy,U British Columbia,Female,NA
44,Tobias Nipkow,TU Munich,Male,NA
44,Paul C. van Oorschot,Carleton U,Male,NA
44,M. Tamer Ozsu,U Waterloo,Male,ACM Fellow| IEEE Fellow 
44,Franco Preparata,Brown U,Male,ACM Fellow 
44,Steve Renals,U Edinburgh,Male,IEEE Fellow 
44,Robbert van Renesse,Cornell,Male,ACM Fellow 
44,Rob Rutenbar,UIUC,Male,NA
44,Robert E. Schapire,Princeton,Male,NA
44,Victor Shoup,NYU,Male,NA
44,Mateo Valero,Technical U Catalonia and Barcelona Supercomputing Center,Male,ACM Fellow| IEEE Fellow 
44,Sabrina De Capitani di Vimercati,U degli Studi di Milano,Female,NA
44,Bonnie Webber,U Edinburgh,Male,NA
44,Jason Weston,Google,Male,NA
44,Adam Wolisz,TU Berlin,Male,NA
44,Ellen Zegura,Georgia Tech,Female,ACM Fellow 
43,Don Batory,UT Austin,Male,NA
43,Eli Biham,Technion,Male,IACR Fellow 
43,Raouf Boutaba,U Waterloo,Male,IEEE Fellow| EIC Fellow 
43,Soumen Chakrabarti,IIT Bombay,Male,NA
43,Stephen Cook,U Toronto,Male,Turing Award 
43,Rod Downey,Victoria U,Male,NA
43,Susan Eggers,U Washington,Female,ACM Fellow 
43,Martin Farach-Colton,Rutgers U,Male,NA
43,Uriel Feige,Weizmann,Male,NA
43,Daniela Florescu,Oracle,Male,NA
43,Robert France,Colorado State U,Male,NA
43,Zvi Galil,Georgia Tech,Male,ACM Fellow| Member of the National Academy of Engineering 
43,Dennis Gannon,Microsoft,Male,ACM Fellow 
43,Michael T. Goodrich,UC Irvine,Male,ACM Fellow| IEEE Technical Achievement Award 
43,Joseph Goguen,UCSD,Male,NA
43,Isabelle Guyon,ClopiNet/ChaLearn,Female,NA
43,Pavol Hell,Simon Fraser U,Male,NA
43,Farnam Jahanian,U Michigan,Male,ACM Fellow| IEEE Fellow| AAAS Fellow 
43,Simon Peyton Jones,Microsoft,Male,ACM Fellow 
43,Won Kim,Sung Kyun Kwan University,Male,ACM Fellow 
43,Sung Wing Kin,National U Singapore,Male,NA
43,Butler Lampson,Microsoft,Male,Turing Award| ACM Fellow 
43,Baochun Li,U Toronto,Male,NA
43,Leonid Libkin,U Edinburgh,Male,ACM Fellow 
43,Barbara Liskov,MIT,Female,Turing Award| ACM Fellow| Member of the National Academy of Engineering| Member of the National Academy of Sciences| Member of the American Academy of Arts & Sciences 
43,Michael Luck,King's College London,Male,NA
43,Satoshi Matsuoka,Tokyo Institute of Technology,Male,ACM Fellow 
43,Sharad Mehrotra,UC Irvine,Male,NA
43,Risto Miikkulainen,UT Austin,Male,NA
43,Robin Milner,U Cambridge,Male,Turing Award| ACM Fellow 
43,Nassir Navab,TU Munich and Johns Hopkins U,Male,NA
43,Martha Stone Palmer,Colorado U,Male,NA
43,Sharath Pankanti,IBM Watson,Male,NA
43,Birgit Pfitzmann,IBM Zurich,Male,NA
43,Dragomir Radev,U Michigan,Male,NA
43,Krithi Ramamritham,IIT Bombay,Male,ACM Fellow| IEEE Fellow 
43,Alan Rector,U Manchester,Male,NA
43,Angela Sasse,U College London,Female,NA
43,Shlomo Shamai,Technion,Male,NA
43,Amnon Shashua,Hebrew U,Male,NA
43,Kentaro Toyama,U Michigan,Male,NA
43,Eelco Visser,TU Delft,Male,NA
43,Marilyn Walker,UC Santa Cruz,Female,NA
43,Jonathan Walpole,Portland State U,Male,NA
43,Avi Wigderson,Institute for Advanced Study| Princeton,Male,NA
43,Pierre Wolper,U Liege,Male,NA
43,Limsoon Wong,National U Singapore,Male,NA
43,Andreas Zeller,Saarland U,Male,ACM Fellow 
43,Shlomo Zilberstein,U Mass| Amherst,Male,NA
42,Karl Aberer,EPFL,Male,NA
42,Michael Arbib,USC,Male,NA
42,Barry Boehm,USC,Male,ACM Fellow| IEEE Fellow| Member of the National Academy of Engineering| IEEE Harlan D. Mills Award 
42,John A. Carroll,U Sussex,Male,NA
42,Charles Consel,U Bordeaux and INRIA,Male,NA
42,Ivan Damgard,Aarhus U,Male,IACR Fellow 
42,Luc Devroye,McGill U,Male,NA
42,Alan Dix,U Birmingham,Male,NA
42,Josep Domingo-Ferrer,U Rovira i Virgili| Catalonia,Male,IEEE Fellow 
42,Sorin Draghici,Wayne State U,Male,NA
42,Matthew Dwyer,U Nebraska| Lincoln,Male,NA
42,Keith Edwards,Georgia Tech,Male,NA
42,Wulfram Gerstner,EPFL,Male,NA
42,Gaston H. Gonnet,ETH Zurich,Male,NA
42,Jan Friso Groote,TU Eindhoven,Male,NA
42,MohammadTaghi HajiAghayi,U Maryland,Male,NA
42,Robert Harper,CMU,Male,ACM Fellow 
42,Wynne Hsu,National U Singapore,Male,NA
42,Lawrence Hunter,U Colorado,Male,NA
42,Liviu Iftode,Rutgers,Male,NA
42,Josef Kittler,Surrey U,Male,NA
42,Anna Karlin,U Washington,Female,NA
42,Srinivasan Keshav,U Waterloo,Male,NA
42,Teuvo Kohonen,Academy of Finland,Male,IEEE Frank Rosenblatt Award 
42,Richard E. Ladner,U Washington,Male,NA
42,Seong-Whan Lee,Korea University,Male,IEEE Fellow 
42,Arjen Lenstra,EPFL,Male,IACR Fellow 
42,Miron Livny,U Wisconsin,Male,NA
42,Marco Ajmone Marsan,Politecnico di Torino,Male,IEEE Fellow 
42,Jose Meseguer,UIUC,Male,NA
42,Melanie Mitchell,Portland State University,Male,NA
42,Prasant Mohapatra,UC Davis,Male,IEEE Fellow| AAAS Fellow 
42,Fionn Murtagh,U London,Male,NA
42,Andrew Myers,Cornell,Male,ACM Fellow 
42,Andrew Y. Ng,Stanford,Male,NA
42,Natasha Noy,Stanford,Female,NA
42,Erkki Oja,Helsinki U of Technology,Male,NA
42,Beng Chin Ooi,National U Singapore,Male,ACM Fellow 
42,Katia Obraczka,UCSC,Female,NA
42,Jens Palsberg,UCLA,Male,NA
42,Jignesh Patel,U Wisconsin,Male,ACM Fellow 
42,David Poole,U British Columbia,Male,NA
42,Massimiliano Pontil,U College London,Male,NA
42,William Sanders,UIUC,Male,NA
42,Micha Sharir,Tel Aviv U,Male,ACM Fellow 
42,Thomas Schiex,INRA| Toulouse,Male,NA
42,Eugene Spafford,Purdue U,Male,ACM Fellow| IEEE Technical Achievement Award 
42,Quentin Stout,U Michigan,Male,NA
42,Alexander Vardy,UCSD,Male,IEEE Fellow 
42,Min Wu,U Maryland,Male,IEEE Fellow 
42,Alexander Wolf,Imperial College| London,Male,ACM Fellow 
42,Willy Zwaenepoel,EPFL,Male,ACM Fellow| IEEE Fellow| Member of Academy of Europe (Academia Europaea) 
41,Emile Aarts,TU Eindhoven,Male,NA
41,Manuel Blum,CMU,Male,Turing Award| Member of the National Academy of Engineering| Member of the National Academy of Sciences| IACR Fellow| Member of the American Academy of Arts & Sciences 
41,Alan Borning,U Washington,Male,NA
41,Srdjan Capkun,ETH Zurich,Male,NA
41,Jianer Chen,Texas A&M,Male,NA
41,Ed G. Coffman,Columbia U,Male,ACM Fellow 
41,Joelle Coutaz,U Joseph Fourier| Grenoble,Male,NA
41,Cynthia Dwork,Microsoft,Female,Member of the National Academy of Engineering 
41,Boi Faltings,EPFL,Male,NA
41,Lance Fortnow,Georgia Tech,Male,ACM Fellow 
41,Harold Gabow,U Colorado,Male,ACM Fellow 
41,Patrice Godefroid,Microsoft,Male,NA
41,Luis Gravano,Columbia,Male,NA
41,Robert Grossman,U Chicago,Male,AAAS Fellow 
41,Jonathan Hull,Ricoh,Male,IAPR Fellow 
41,Mary Jane Irwin,Penn State,Female,ACM Fellow| Member of the National Academy of Engineering 
41,Michael Kearns,U Penn,Male,ACM Fellow 
41,David Lowe,U British Columbia,Male,NA
41,Kwan-Liu Ma,UC Davis,Male,NA
41,Jan Mendling,WU Vienna,Male,NA
41,Weiyi Meng,Binghampton U,Male,NA
41,Dale Miller,INRIA,Male,NA
41,Marvin Minsky,MIT,Male,Turing Award 
41,Michael Mozer,U Colorado,Male,NA
41,Ian Munro,U Waterloo,Male,NA
41,Sharon Oviatt,Incaa Designs,Male,NA
41,Stefano Paraboschi,U Bergamo,Male,NA
41,Lawrence C. Paulson,U Cambridge,Male,ACM Fellow 
41,Gian Pietro Picco,U Trento,Male,NA
41,Viktor Prasanna,USC,Male,ACM Fellow| IEEE Fellow 
41,Raimund Seidel,Saarland U,Male,NA
41,Alla Sheffer,U British Columbia,Female,NA
41,Joshua R. Smith,U Washington,Male,NA
41,Aravind Srinivasan,U Maryland,Male,ACM Fellow| IEEE Fellow 
41,Jean-Philippe Thiran,EPFL,Male,NA
41,Sam Toueg,U Toronto,Male,NA
41,Thierry Turletti,INRIA,Male,NA
41,Uzi Vishkin,U Maryland,Male,ACM Fellow 
41,Haixun Wang,Google,Male,NA
41,Ke Wang,Simon Fraser U,Male,NA
41,Manfred K. Warmuth,UC Santa Cruz,Male,NA
41,William Weihl,Facebook,Male,NA
41,Andrew Yao,Tsinghua U,Male,Turing Award| ACM Fellow| IACR Fellow 
41,Eric Yu,U Toronto,Male,NA
41,Feng Zhao,Microsoft,Male,IEEE Fellow 
40,Leonard Adleman,USC,Male,Turing Award 
40,Lars Arge,Aarhus University,Male,ACM Fellow 
40,Andrea Arpaci-Dusseau,U Wisconsin,Male,NA
40,Amotz Bar-Noy,Brooklyn College,Male,NA
40,Craig Chambers,Google,Male,NA
40,Sunghyun Choi,Seoul National U,Male,NA
40,Edmund M. Clarke,CMU,Male,Turing Award| ACM Fellow| IEEE Fellow| Member of the National Academy of Engineering 
40,Jan Chomicki,SUNY Buffalo,Male,NA
40,David Corne,Heriot-Watt University| Edinburgh,Male,NA
40,Edsger Dijkstra,UT Austin,Male,Turing Award 
40,Herbert Edelsbrunner,Duke U,Male,Member of Academy of Europe (Academia Europaea) 
40,Thomas Ertl,U Stuttgart,Male,NA
40,Nick Feamster,Georgia Tech,Male,NA
40,Cormac Flanagan,UCSC,Male,NA
40,Edward Feigenbaum,Stanford,Male,Turing Award| ACM Fellow| AAAI Fellow| Member of the National Academy of Engineering 
40,Ashok Goel,Georgia Tech,Male,NA
40,Venu Govindaraju,U Buffalo,Male,ACM Fellow| IEEE Fellow| AAAS Fellow| IAPR Fellow| SPIE Fellow| IEEE Technical Achievement Award 
40,Manish Gupta,Goldman Sachs,Male,ACM Fellow 
40,Hannes Hartenstein,Karlsruhe Inst Tech,Male,NA
40,Neil D. Jones,DIKU| U Copenhagen,Male,ACM Fellow 
40,Ari Juels,RSA,Male,NA
40,Philipp Koehn,U Edinburgh and Johns Hopkins U,Male,NA
40,Pedro Larranaga,Technical U Madrid,Male,NA
40,Brian Neil Levine,U Mass| Amherst,Male,NA
40,Rupak Majumdar,Max Planck and UCLA,Male,NA
40,Maja Mataric,USC,Male,NA
40,John Mitchell,Stanford,Male,ACM Fellow 
40,David McAllester,Toyota Tech Inst,Male,AAAI Fellow 
40,John McCarthy,Stanford,Male,Turing Award| ACM Fellow| Member of the National Academy of Engineering 
40,Mira Mezini,TU Darmstadt,Male,NA
40,Luc Moreau,U Southampton,Male,NA
40,Oscar Nierstrasz,U Bern,Male,NA
40,David Notkin,U Washington,Male,ACM Fellow| IEEE Fellow 
40,John Owens,UC Davis,Male,NA
40,Yi Pan,Georgia State U,Male,NA
40,Mark Pauly,EPFL,Male,NA
40,Andrzej Pelc,U Quebec en Outaouais,Male,NA
40,David Pennock,Microsoft,Male,NA
40,Charles E. Perkins,Nokia-Siemens Networks,Male,NA
40,Michael O. Rabin,Harvard,Male,Turing Award| Member of the National Academy of Sciences| Member of the French Academy of Sciences| Member of the Israel Academy of Sciences and Humanities| IACR Fellow| Member of the American Academy of Arts & Sciences 
40,Raymond Reiter,U Toronto,Male,ACM Fellow 
40,Pablo Rodriguez Rodriguez,Telefonica Research,Male,NA
40,Yehoshua Sagiv,Hebrew U,Male,NA
40,Sunita Sarawagi,IIT Bombay,Male,NA
40,Mihaela van der Schaar,UCLA,Male,IEEE Fellow 
40,Andrea Schaerf,U Udine,Male,NA
40,Assaf Schuster,Technion,Male,NA
40,Cyrus Shahabi,USC,Male,IEEE Fellow 
40,Linda Shapiro,U Washington,Female,NA
40,Anand Sivasubramaniam,Penn State,Male,NA
40,Gurindar S. Sohi,U Wisconsin,Male,ACM Fellow| IEEE Fellow 
40,Jacques Stern,ENS| Paris,Male,IACR Fellow 
40,S. Sudarshan,IIT Bombay,Male,ACM Fellow 
40,Paul Syverson,U.S. Naval Research Laboratory,Male,ACM Fellow 
40,Christian Theobalt,Max-Planck-Institute and Saarland U,Male,NA
40,Patrick Thiran,EPFL,Male,NA
40,John K. Tsotsos,York U| Canada,Male,FRSC 
40,Ruediger Urbanke,EPFL,Male,NA
40,Frits Vaandrager,Radboud U Nijmegen,Male,NA
40,Leslie Valiant,Harvard,Male,Turing Award| ACM Fellow 
40,Maria Amparo Vila,U Granada| Spain,Male,NA
40,James H. Wilkinson,National Physical Laboratory| England,Male,Turing Award 
40,Xing Xie,Microsoft,Male,NA
40,Shuicheng Yan,National U Singapore,Male,NA
40,Moshe Zukerman,City U of Hong Kong,Male,IEEE Fellow 
